Story Text,Voice,Speed,Emotion Descriptor,Generated Audio,timestamp
"The Brave Knight and the Whispering Forest
Long ago, in the kingdom of Eldoria, there lived a knight named Sir Cedric. He wasn’t the strongest or the fastest in the realm, but what he lacked in strength, he made up for with courage and kindness.
One evening, the King summoned him with a grave task:
“The Whispering Forest has fallen silent,” the King said. “No traveler who enters returns. We fear the forest spirit has turned against us. Cedric, will you go?”
Without hesitation, Cedric nodded.
“I will bring peace back to the forest, Your Majesty.”",Jerry,1,Jerry speaks in a confused tone at a moderately slow pace with high quality audio.,.gradio\flagged\Generated Audio\00f7ad312ec29a5f3633\tmpoieqk4yy.wav,2025-05-04 17:47:52.042435
